{
    "description": "项目配置文件",
    "packOptions": {
        "ignore": [
            {
                "value": ".eslintrc.js",
                "type": "file"
            }
        ]
    },
    "setting": {
        "urlCheck": false,
        "es6": true,
        "enhance": true,
        "postcss": true,
        "preloadBackgroundData": false,
        "minified": true,
        "newFeature": false,
        "coverView": true,
        "nodeModules": true,
        "autoAudits": false,
        "showShadowRootInWxmlPanel": true,
        "scopeDataCheck": false,
        "uglifyFileName": false,
        "checkInvalidKey": true,
        "checkSiteMap": true,
        "uploadWithSourceMap": true,
        "compileHotReLoad": false,
        "lazyloadPlaceholderEnable": false,
        "useMultiFrameRuntime": true,
        "useApiHook": true,
        "useApiHostProcess": true,
        "babelSetting": {
            "ignore": [],
            "disablePlugins": [],
            "outputPath": ""
        },
        "enableEngineNative": false,
        "useIsolateContext": true,
        "userConfirmedBundleSwitch": false,
        "packNpmManually": false,
        "packNpmRelationList": [],
        "minifyWXSS": true,
        "showES6CompileOption": false,
        "minifyWXML": true
    },
    "compileType": "miniprogram",
    "libVersion": "2.19.2",
    "appid": "wx8af258cf8ae80fbd",
    "projectname": "miniprogram-3",
    "cloudfunctionTemplateRoot": "",
    "watchOptions": {
        "ignore": []
    },
    "debugOptions": {
        "hidedInDevtools": []
    },
    "scripts": {},
    "condition": {
        "plugin": {
            "list": []
        },
        "game": {
            "list": []
        },
        "gamePlugin": {
            "list": []
        },
        "miniprogram": {
            "list": [
                {
                    "name": "pages/index/index",
                    "pathName": "pages/index/index",
                    "query": "",
                    "scene": null
                },
                {
                    "name": "pages/calendarWeek/calendarWeek",
                    "pathName": "pages/calendarWeek/calendarWeek",
                    "query": "",
                    "scene": null
                },
                {
                    "name": "pages/calendarHome/calendarHome",
                    "pathName": "pages/calendarHome/calendarHome",
                    "query": "",
                    "scene": null
                },
                {
                    "name": "pages/testlogin/testlogin",
                    "pathName": "pages/testlogin/testlogin",
                    "query": "",
                    "scene": null
                }
            ]
        }
    }
}